user_id,Pred,Labels,Risk_DF_Value
EGD0409,1,-1,0.0033142696044144992,
MCD0125,1,-1,0.002517630675158644,
LOM0086,1,-1,0.002053901345416609,
BIH0745,1,1,0.0011491433665054007,
JGT0221,1,1,0.0011489849799340979,
JTM0223,1,1,0.0006191529497292514,
SAP0867,-1,-1,-0.001476784879954729,
