user_id,Pred,Labels,Risk_DF_Value
BVN0514,1,-1,0.004784670789703557,
CYA0506,1,-1,0.0029926728662371394,
BMS0877,1,-1,0.0008156013581185062,
HWY0038,1,-1,0.000488368865910159,
GTD0219,1,1,0.0004785912079212293,
CSC0217,1,1,0.0002407924755728555,
DPS0262,-1,-1,-0.031037878354475124,
