user_id,Pred,Labels,Risk_DF_Value
AKR0057,1,1,0.02751379164267992,
AAM0658,1,1,0.010478784263473817,
RGG0064,1,1,0.006480404323711497,
CIM0926,1,-1,0.0049640881932088154,
PGH0184,1,-1,0.0032101861995540992,
MPM0220,1,1,0.002320816426730765,
VSS0154,1,1,0.0019900067570264857,
BTL0226,1,1,0.001989774454519755,
GHL0460,1,1,0.0017198173502348535,
JMH0543,1,-1,0.0015735614265600661,
TAP0551,1,1,0.001408486081413085,
SOB0360,-1,-1,-0.005432717752466787,
