user_id,Pred,Labels,Risk_DF_Value
SLT0907,1,-1,0.0037215295336631184,
DIB0285,1,1,0.0036009266547598374,
PSF0133,1,1,0.002527146692338486,
SEJ0677,1,-1,0.0024589537468347154,
EGD0132,1,1,0.0022238938492858615,
IAT0263,1,-1,0.002172751349098799,
CAH0936,1,1,0.0020260849014275446,
MOS0047,1,1,0.0020229524504121674,
ALB0892,1,-1,0.001955274682707512,
RHL0992,1,1,0.0015224153227925766,
IJM0776,1,1,0.001254825454232552,
WRM0963,1,-1,0.0009441372326850633,
RAR0725,1,1,0.0009441372326805218,
