user_id,Pred,Labels,Risk_DF_Value
LUR0896,1,-1,0.005886976424508805,
QCH0110,1,-1,0.005673540302974012,
SNC0187,1,-1,0.005569492204142795,
MDH0580,1,1,0.004290354597101226,
MMB0488,1,-1,0.0031089708435788066,
FSC0601,1,1,0.002787779396586587,
MAR0955,1,1,0.0018830907178701006,
WDD0366,1,1,0.0016669143322053104,
KNG0672,1,-1,0.0015175362294783945,
NRD0548,1,-1,0.000541990594847469,
VSA0230,-1,-1,-0.0007997001664156456,
