user_id,Pred,Labels,Risk_DF_Value
PPF0435,1,1,0.003248997196469129,
UCH0519,1,-1,0.0029178186040093416,
KLH0596,1,1,0.002609615570428353,
JRG0207,1,1,0.0012551149915284322,
CCL0068,1,1,0.0006299169160148572,
DCH0843,1,1,0.00037690412379337394,
IKR0401,1,1,0.0002077925214766605,
RGH0728,-1,-1,-0.0004243257373266786,
YIC0195,-1,-1,-0.000751942876590455,
BCB0679,-1,-1,-0.0035040307690493537,
