user_id,Pred,Labels,Risk_DF_Value
CQW0652,1,1,0.012746169107905159,
FSB0399,1,-1,0.00822807291021721,
DGN0480,1,-1,0.004385530849193908,
NRO0768,1,-1,0.0038826941145924665,
RKF0164,1,-1,0.0030506400218888174,
JLM0364,1,1,0.0023150570062374642,
HBO0413,1,1,0.0022949106027591593,
NWT0098,1,1,0.0013995852664243635,
GBM0603,1,-1,0.0005036556443573925,
HKB0418,1,-1,0.0004412886122431847,
CEJ0109,1,1,0.00039578728170841515,
