user_id,Pred,Labels,Risk_DF_Value
FMG0527,1,1,0.012632719718092822,
HFB0347,1,-1,0.011981820146191646,
YWW0660,1,-1,0.011270024730729356,
AOK0844,1,-1,0.006756541322719356,
WAB0143,1,-1,0.006555123248442485,
ASB0796,1,-1,0.0045481811617832935,
ENC0234,1,-1,0.0023569668588776516,
DRR0162,1,1,0.0011048166861405417,
KRL0501,1,1,0.0005112472257493006,
COF0120,-1,-1,-0.001383650761982158,
MSH0040,-1,-1,-0.0044907883087138,
